<component name="ProjectRunConfigurationManager">
  <configuration default="false" name="merge_production_dotenvs_in_dotenv" type="PythonConfigurationType" factoryName="Python" singleton="true">
    <module name="iot_smart_locker_no_docker" />
    <option name="INTERPRETER_OPTIONS" value="" />
    <option name="PARENT_ENVS" value="true" />
    <envs>
      <env name="PYTHONUNBUFFERED" value="1" />
    </envs>
    <option name="SDK_HOME" value="" />
    <option name="WORKING_DIRECTORY" value="$PROJECT_DIR$" />
    <option name="IS_MODULE_SDK" value="true" />
    <option name="ADD_CONTENT_ROOTS" value="true" />
    <option name="ADD_SOURCE_ROOTS" value="true" />
    <EXTENSION ID="PythonCoverageRunConfigurationExtension" enabled="false" sample_coverage="true" runner="coverage.py" />
    <option name="SCRIPT_NAME" value="merge_production_dotenvs_in_dotenv.py" />
    <option name="PARAMETERS" value="" />
    <option name="SHOW_COMMAND_LINE" value="false" />
    <option name="EMULATE_TERMINAL" value="false" />
    <method />
  </configuration>
</component>
